{"chunk_definitions":[{"row":19,"row_count":1,"visible":true,"expansion_state":0,"options":{"engine":"r","label":"unnamed-chunk-7"},"document_id":"B978FCA0","chunk_id":"c8qi3es4kojqh","chunk_label":"unnamed-chunk-1"},{"row":26,"row_count":1,"visible":true,"expansion_state":0,"options":{"engine":"r","label":"unnamed-chunk-8"},"document_id":"B978FCA0","chunk_id":"cqu2e4h6ipfl4","chunk_label":"unnamed-chunk-2"},{"row":33,"row_count":1,"visible":true,"expansion_state":0,"options":{"engine":"r","label":"unnamed-chunk-9"},"document_id":"B978FCA0","chunk_id":"c8wv3ucazhduv","chunk_label":"unnamed-chunk-3"},{"row":40,"row_count":1,"visible":true,"expansion_state":0,"options":{"engine":"r","label":"unnamed-chunk-10"},"document_id":"B978FCA0","chunk_id":"cevk3is9mop7e","chunk_label":"unnamed-chunk-4"}],"doc_write_time":1677579190}